<?xml version="1.0" encoding="UTF-8"?>
<configuration>
<appender name="STDOUT"
		  class="ch.qos.logback.core.ConsoleAppender">
	<encoder>
		<pattern>%boldMagenta(%d{MM-dd HH:mm:ss}) [%boldYellow(%-5level)] %cyan(%logger{5}.%M) - %msg %n</pattern>
	</encoder>
</appender>
<logger name="jdbc" level="OFF" />
<logger name="jdbc.sqlonly" level="INFO" />
<logger name="jdbc.sqltiming" level="OFF" />
<logger name="jdbc.audit" level="OFF" />
<logger name="jdbc.resultset" level="OFF" />
<logger name="jdbc.resultsettable" level="OFF" />
<logger name="jdbc.connection" level="OFF" />
<root level="ERROR">
	<appender-ref ref="STDOUT" />
</root>
</configuration>
